<?xml version="1.0" encoding="UTF-8"?>
<configurationDescriptor version="97">
  <logicalFolder name="root" displayName="root" projectFiles="true" kind="ROOT">
    <logicalFolder name="HeaderFiles"
                   displayName="Header Files"
                   projectFiles="true">
      <itemPath>/home/andrea/NetBeansProjects/Ej_AroNormal/aro.h</itemPath>
      <itemPath>/home/andrea/NetBeansProjects/Ej_AroNormal/player.h</itemPath>
    </logicalFolder>
    <logicalFolder name="ResourceFiles"
                   displayName="Resource Files"
                   projectFiles="true">
    </logicalFolder>
    <logicalFolder name="SourceFiles"
                   displayName="Source Files"
                   projectFiles="true">
      <itemPath>/home/andrea/NetBeansProjects/Ej_AroNormal/aro.cpp</itemPath>
      <itemPath>main.cpp</itemPath>
      <itemPath>/home/andrea/NetBeansProjects/Ej_AroNormal/player.cpp</itemPath>
    </logicalFolder>
    <logicalFolder name="TestFiles"
                   displayName="Test Files"
                   projectFiles="false"
                   kind="TEST_LOGICAL_FOLDER">
    </logicalFolder>
    <logicalFolder name="ExternalFiles"
                   displayName="Important Files"
                   projectFiles="false"
                   kind="IMPORTANT_FILES_FOLDER">
      <itemPath>Makefile</itemPath>
    </logicalFolder>
  </logicalFolder>
  <sourceRootList>
    <Elem>/home/andrea/NetBeansProjects/Enemigos</Elem>
  </sourceRootList>
  <projectmakefile>Makefile</projectmakefile>
  <confs>
    <conf name="Debug" type="1">
      <toolsSet>
        <compilerSet>default</compilerSet>
        <dependencyChecking>true</dependencyChecking>
        <rebuildPropChanged>false</rebuildPropChanged>
      </toolsSet>
      <compileType>
        <ccTool>
          <incDir>
            <pElem>/usr/include/SFML</pElem>
          </incDir>
        </ccTool>
        <linkerTool>
          <linkerAddLib>
            <pElem>/usr/lib/x86_64-linux-gnu</pElem>
          </linkerAddLib>
          <linkerLibItems>
            <linkerLibFileItem>/usr/lib/x86_64-linux-gnu/libsfml-graphics.so</linkerLibFileItem>
            <linkerLibFileItem>/usr/lib/x86_64-linux-gnu/libsfml-system.so</linkerLibFileItem>
            <linkerLibFileItem>/usr/lib/x86_64-linux-gnu/libsfml-window.so</linkerLibFileItem>
          </linkerLibItems>
        </linkerTool>
      </compileType>
      <item path="/home/andrea/NetBeansProjects/Ej_AroNormal/aro.cpp"
            ex="false"
            tool="1"
            flavor2="0">
      </item>
      <item path="/home/andrea/NetBeansProjects/Ej_AroNormal/aro.h"
            ex="false"
            tool="3"
            flavor2="0">
      </item>
      <item path="/home/andrea/NetBeansProjects/Ej_AroNormal/player.cpp"
            ex="false"
            tool="1"
            flavor2="0">
      </item>
      <item path="/home/andrea/NetBeansProjects/Ej_AroNormal/player.h"
            ex="false"
            tool="3"
            flavor2="0">
      </item>
      <item path="main.cpp" ex="false" tool="1" flavor2="0">
      </item>
    </conf>
    <conf name="Release" type="1">
      <toolsSet>
        <compilerSet>default</compilerSet>
        <dependencyChecking>true</dependencyChecking>
        <rebuildPropChanged>false</rebuildPropChanged>
      </toolsSet>
      <compileType>
        <cTool>
          <developmentMode>5</developmentMode>
        </cTool>
        <ccTool>
          <developmentMode>5</developmentMode>
        </ccTool>
        <fortranCompilerTool>
          <developmentMode>5</developmentMode>
        </fortranCompilerTool>
        <asmTool>
          <developmentMode>5</developmentMode>
        </asmTool>
      </compileType>
      <item path="/home/andrea/NetBeansProjects/Ej_AroNormal/aro.cpp"
            ex="false"
            tool="1"
            flavor2="0">
      </item>
      <item path="/home/andrea/NetBeansProjects/Ej_AroNormal/aro.h"
            ex="false"
            tool="3"
            flavor2="0">
      </item>
      <item path="/home/andrea/NetBeansProjects/Ej_AroNormal/player.cpp"
            ex="false"
            tool="1"
            flavor2="0">
      </item>
      <item path="/home/andrea/NetBeansProjects/Ej_AroNormal/player.h"
            ex="false"
            tool="3"
            flavor2="0">
      </item>
      <item path="main.cpp" ex="false" tool="1" flavor2="0">
      </item>
    </conf>
  </confs>
</configurationDescriptor>
